{"\u09a2\u09be\u0995\u09be": 24.54992812020438, "\u09ab\u09b0\u09bf\u09a6\u09aa\u09c1\u09b0": 25.02271352495466, "\u0997\u09be\u099c\u09c0\u09aa\u09c1\u09b0": 23.58957236153739, "\u0997\u09cb\u09aa\u09be\u09b2\u0997\u099e\u09cd\u099c": 22.915571485246932, "\u099c\u09be\u09ae\u09be\u09b2\u09aa\u09c1\u09b0": 22.134999411446707, "\u0995\u09bf\u09b6\u09cb\u09b0\u0997\u099e\u09cd\u099c": 21.99607195172991, "\u09ae\u09be\u09a6\u09be\u09b0\u09c0\u09aa\u09c1\u09b0": 24.096715109688894, "\u09ae\u09be\u09a8\u09bf\u0995\u0997\u099e\u09cd\u099c": 23.12150083269392, "\u09ae\u09c1\u09a8\u09cd\u09b8\u09bf\u0997\u099e\u09cd\u099c": 22.603215081351145, "\u09ae\u09df\u09ae\u09a8\u09b8\u09bf\u0982\u09b9": 21.857785361153738, "\u09a8\u09be\u09b0\u09be\u09df\u09be\u09a3\u0997\u099e\u09cd\u099c": 24.023356573922293, "\u09a8\u09b0\u09b8\u09bf\u0982\u09a6\u09c0": 24.190214702061244, "\u09a8\u09c7\u09a4\u09cd\u09b0\u0995\u09cb\u09a3\u09be": 21.189571653093612, "\u09b0\u09be\u099c\u09ac\u09be\u09dc\u09bf": 23.888929094587052, "\u09b6\u09b0\u09c0\u09df\u09a4\u09aa\u09c1\u09b0": 23.799357550484793, "\u09b6\u09c7\u09b0\u09aa\u09c1\u09b0": 22.12849916730608, "\u099f\u09be\u0999\u09cd\u0997\u09be\u0987\u09b2": 22.811643055507115, "\u09ac\u0997\u09c1\u09dc\u09be": 21.80257225036621, "\u099c\u09df\u09aa\u09c1\u09b0\u09b9\u09be\u099f": 21.9130003792899, "\u09a8\u0993\u0997\u09be\u0981": 22.95778547014509, "\u09a8\u09be\u099f\u09cb\u09b0": 22.42728669302804, "\u09a8\u09ac\u09be\u09ac\u0997\u099e\u09cd\u099c": 23.3213563646589, "\u09aa\u09be\u09ac\u09a8\u09be": 23.545500346592494, "\u09b0\u09be\u099c\u09b6\u09be\u09b9\u09c0": 23.07400131225586, "\u09b8\u09bf\u09b0\u09be\u099c\u0997\u099e\u09cd\u099c": 24.125928606305802, "\u09a6\u09bf\u09a8\u09be\u099c\u09aa\u09c1\u09b0": 21.61750030517578, "\u0997\u09be\u0987\u09ac\u09be\u09a8\u09cd\u09a7\u09be": 21.949357441493444, "\u0995\u09c1\u09dc\u09bf\u0997\u09cd\u09b0\u09be\u09ae": 22.46364321027483, "\u09b2\u09be\u09b2\u09ae\u09a8\u09bf\u09b0\u09b9\u09be\u099f": 22.97857175554548, "\u09a8\u09c0\u09b2\u09ab\u09be\u09ae\u09be\u09b0\u09c0": 22.68428693498884, "\u09aa\u099e\u09cd\u099a\u0997\u09dc": 20.883071626935685, "\u09b0\u0982\u09aa\u09c1\u09b0": 22.26942879813058, "\u09a0\u09be\u0995\u09c1\u09b0\u0997\u09be\u0981\u0993": 21.15957123892648, "\u09ac\u09b0\u0997\u09c1\u09a8\u09be": 25.644142423357284, "\u09ac\u09b0\u09bf\u09b6\u09be\u09b2": 24.409070696149552, "\u09ad\u09cb\u09b2\u09be": 23.81814329964774, "\u099d\u09be\u09b2\u0995\u09be\u09a0\u09bf": 23.01100049700056, "\u09aa\u099f\u09c1\u09df\u09be\u0996\u09be\u09b2\u09c0": 23.509070805140905, "\u09aa\u09bf\u09b0\u09cb\u099c\u09aa\u09c1\u09b0": 23.309715270996094, "\u09ac\u09be\u09a8\u09cd\u09a6\u09b0\u09ac\u09be\u09a8": 22.596357073102677, "\u09ac\u09cd\u09b0\u09be\u09b9\u09cd\u09ae\u09a3\u09ac\u09be\u09dc\u09bf\u09df\u09be": 23.20971543448312, "\u099a\u09be\u0981\u09a6\u09aa\u09c1\u09b0": 25.268143245152064, "\u099a\u099f\u09cd\u099f\u0997\u09cd\u09b0\u09be\u09ae": 24.555070877075195, "\u0995\u09c1\u09ae\u09bf\u09b2\u09cd\u09b2\u09be": 22.867500850132533, "\u0995\u0995\u09cd\u09b8 \u09ac\u09be\u099c\u09be\u09b0": 25.77400098528181, "\u09ab\u09c7\u09a8\u09c0": 21.61164311000279, "\u0996\u09be\u0997\u09dc\u09be\u099b\u09dc\u09bf": 22.758714948381698, "\u09b2\u0995\u09cd\u09b7\u09cd\u09ae\u09c0\u09aa\u09c1\u09b0": 22.175928933279856, "\u09a8\u09cb\u09df\u09be\u0996\u09be\u09b2\u09c0": 21.664928436279297, "\u09b0\u09be\u0999\u09cd\u0997\u09be\u09ae\u09be\u099f\u09bf": 24.6807861328125, "\u09b9\u09ac\u09bf\u0997\u099e\u09cd\u099c": 23.06878580365862, "\u09ae\u09cc\u09b2\u09ad\u09c0\u09ac\u09be\u099c\u09be\u09b0": 22.340857097080775, "\u09b8\u09c1\u09a8\u09be\u09ae\u0997\u099e\u09cd\u099c": 24.897999899727957, "\u09b8\u09bf\u09b2\u09c7\u099f": 22.83371380397252, "\u09ac\u09be\u0997\u09c7\u09b0\u09b9\u09be\u099f": 23.059715270996094, "\u099a\u09c1\u09df\u09be\u09a1\u09be\u0999\u09cd\u0997\u09be": 23.059715270996094, "\u09af\u09b6\u09cb\u09b0": 23.744142532348633, "\u099d\u09bf\u09a8\u09be\u0987\u09a6\u09b9": 22.69678497314453, "\u0996\u09c1\u09b2\u09a8\u09be": 23.066858291625977, "\u0995\u09c1\u09b7\u09cd\u099f\u09bf\u09df\u09be": 22.32407079424177, "\u09ae\u09be\u0997\u09c1\u09b0\u09be": 22.882499149867467, "\u09ae\u09c7\u09b9\u09c7\u09b0\u09aa\u09c1\u09b0": 22.69021442958287, "\u09a8\u09dc\u09be\u0987\u09b2": 23.358428137642996, "\u09b8\u09be\u09a4\u0995\u09cd\u09b7\u09c0\u09b0\u09be": 24.325998851231166}